Cell_line,aero_digestive_tract,blood,bone,breast,digestive_system,kidney,lung,nervous_system,pancreas,skin,soft_tissue,thyroid,urogenital_system
697,0,1,0,0,0,0,0,0,0,0,0,0,0
8-MG-BA,0,0,0,0,0,0,0,1,0,0,0,0,0
A101D,0,0,0,0,0,0,0,0,0,1,0,0,0
A253,1,0,0,0,0,0,0,0,0,0,0,0,0
A3-KAW,0,1,0,0,0,0,0,0,0,0,0,0,0
A388,0,0,0,0,0,0,0,0,0,1,0,0,0
A4-Fuk,0,1,0,0,0,0,0,0,0,0,0,0,0
ALL-PO,0,1,0,0,0,0,0,0,0,0,0,0,0
ALL-SIL,0,1,0,0,0,0,0,0,0,0,0,0,0
AM-38,0,0,0,0,0,0,0,1,0,0,0,0,0
AMO-1,0,1,0,0,0,0,0,0,0,0,0,0,0
ARH-77,0,1,0,0,0,0,0,0,0,0,0,0,0
ATN-1,0,1,0,0,0,0,0,0,0,0,0,0,0
BB30-HNC,1,0,0,0,0,0,0,0,0,0,0,0,0
BB49-HNC,1,0,0,0,0,0,0,0,0,0,0,0,0
BC-1,0,1,0,0,0,0,0,0,0,0,0,0,0
BC-3,0,1,0,0,0,0,0,0,0,0,0,0,0
BE-13,0,1,0,0,0,0,0,0,0,0,0,0,0
BE2-M17,0,0,0,0,0,0,0,1,0,0,0,0,0
BL-41,0,1,0,0,0,0,0,0,0,0,0,0,0
BT-474,0,0,0,1,0,0,0,0,0,0,0,0,0
BV-173,0,1,0,0,0,0,0,0,0,0,0,0,0
Becker,0,0,0,0,0,0,0,1,0,0,0,0,0
C2BBe1,0,0,0,0,1,0,0,0,0,0,0,0,0
CA46,0,1,0,0,0,0,0,0,0,0,0,0,0
CAL-148,0,0,0,1,0,0,0,0,0,0,0,0,0
CAS-1,0,0,0,0,0,0,0,1,0,0,0,0,0
CCRF-CEM,0,1,0,0,0,0,0,0,0,0,0,0,0
CESS,0,1,0,0,0,0,0,0,0,0,0,0,0
CGTH-W-1,0,0,0,0,0,0,0,0,0,0,0,1,0
CHP-126,0,0,0,0,0,0,0,1,0,0,0,0,0
CL-11,0,0,0,0,1,0,0,0,0,0,0,0,0
CMK,0,1,0,0,0,0,0,0,0,0,0,0,0
COLO-320-HSR,0,0,0,0,1,0,0,0,0,0,0,0,0
COLO-668,0,0,0,0,0,0,1,0,0,0,0,0,0
COLO-684,0,0,0,0,0,0,0,0,0,0,0,0,1
COLO-800,0,0,0,0,0,0,0,0,0,1,0,0,0
COLO-824,0,0,0,1,0,0,0,0,0,0,0,0,0
COLO-829,0,0,0,0,0,0,0,0,0,1,0,0,0
COR-L279,0,0,0,0,0,0,1,0,0,0,0,0,0
COR-L88,0,0,0,0,0,0,1,0,0,0,0,0,0
COR-L95,0,0,0,0,0,0,1,0,0,0,0,0,0
CP66-MEL,0,0,0,0,0,0,0,0,0,1,0,0,0
CPC-N,0,0,0,0,0,0,1,0,0,0,0,0,0
CTB-1,0,1,0,0,0,0,0,0,0,0,0,0,0
CTV-1,0,1,0,0,0,0,0,0,0,0,0,0,0
CW-2,0,0,0,0,1,0,0,0,0,0,0,0,0
Calu-6,0,0,0,0,0,0,1,0,0,0,0,0,0
D-247MG,0,0,0,0,0,0,0,1,0,0,0,0,0
D-263MG,0,0,0,0,0,0,0,1,0,0,0,0,0
D-283MED,0,0,0,0,0,0,0,1,0,0,0,0,0
D-336MG,0,0,0,0,0,0,0,1,0,0,0,0,0
D-392MG,0,0,0,0,0,0,0,1,0,0,0,0,0
D-502MG,0,0,0,0,0,0,0,1,0,0,0,0,0
D-542MG,0,0,0,0,0,0,0,1,0,0,0,0,0
DB,0,1,0,0,0,0,0,0,0,0,0,0,0
DEL,0,1,0,0,0,0,0,0,0,0,0,0,0
DG-75,0,1,0,0,0,0,0,0,0,0,0,0,0
DJM-1,0,0,0,0,0,0,0,0,0,1,0,0,0
DMS-114,0,0,0,0,0,0,1,0,0,0,0,0,0
DMS-79,0,0,0,0,0,0,1,0,0,0,0,0,0
DND-41,0,1,0,0,0,0,0,0,0,0,0,0,0
DOHH-2,0,1,0,0,0,0,0,0,0,0,0,0,0
DSH1,0,0,0,0,0,0,0,0,0,0,0,0,1
DU-4475,0,0,0,1,0,0,0,0,0,0,0,0,0
Daudi,0,1,0,0,0,0,0,0,0,0,0,0,0
EB-3,0,1,0,0,0,0,0,0,0,0,0,0,0
EB2,0,1,0,0,0,0,0,0,0,0,0,0,0
EC-GI-10,1,0,0,0,0,0,0,0,0,0,0,0,0
ECC12,0,0,0,0,1,0,0,0,0,0,0,0,0
EHEB,0,1,0,0,0,0,0,0,0,0,0,0,0
EJM,0,1,0,0,0,0,0,0,0,0,0,0,0
EKVX,0,0,0,0,0,0,1,0,0,0,0,0,0
EM-2,0,1,0,0,0,0,0,0,0,0,0,0,0
ES-2,0,0,0,0,0,0,0,0,0,0,0,0,1
ES1,0,0,1,0,0,0,0,0,0,0,0,0,0
ES3,0,0,1,0,0,0,0,0,0,0,0,0,0
ES4,0,0,1,0,0,0,0,0,0,0,0,0,0
ES5,0,0,1,0,0,0,0,0,0,0,0,0,0
ES6,0,0,1,0,0,0,0,0,0,0,0,0,0
ES7,0,0,1,0,0,0,0,0,0,0,0,0,0
ES8,0,0,1,0,0,0,0,0,0,0,0,0,0
ETK-1,0,0,0,0,1,0,0,0,0,0,0,0,0
EVSA-T,0,0,0,1,0,0,0,0,0,0,0,0,0
EW-1,0,0,1,0,0,0,0,0,0,0,0,0,0
EW-11,0,0,1,0,0,0,0,0,0,0,0,0,0
EW-12,0,0,1,0,0,0,0,0,0,0,0,0,0
EW-13,0,0,1,0,0,0,0,0,0,0,0,0,0
EW-16,0,0,1,0,0,0,0,0,0,0,0,0,0
EW-18,0,0,1,0,0,0,0,0,0,0,0,0,0
EW-24,0,0,1,0,0,0,0,0,0,0,0,0,0
EW-3,0,0,1,0,0,0,0,0,0,0,0,0,0
EoL-1-cell,0,1,0,0,0,0,0,0,0,0,0,0,0
Farage,0,1,0,0,0,0,0,0,0,0,0,0,0
GA-10,0,1,0,0,0,0,0,0,0,0,0,0,0
GB-1,0,0,0,0,0,0,0,1,0,0,0,0,0
GCIY,0,0,0,0,1,0,0,0,0,0,0,0,0
GDM-1,0,1,0,0,0,0,0,0,0,0,0,0,0
GI-1,0,0,0,0,0,0,0,1,0,0,0,0,0
GI-ME-N,0,0,0,0,0,0,0,1,0,0,0,0,0
GOTO,0,0,0,0,0,0,0,1,0,0,0,0,0
GR-ST,0,1,0,0,0,0,0,0,0,0,0,0,0
GRANTA-519,0,1,0,0,0,0,0,0,0,0,0,0,0
H-EMC-SS,0,0,1,0,0,0,0,0,0,0,0,0,0
H9,0,1,0,0,0,0,0,0,0,0,0,0,0
HA7-RCC,0,0,0,0,0,1,0,0,0,0,0,0,0
HAL-01,0,1,0,0,0,0,0,0,0,0,0,0,0
HC-1,0,1,0,0,0,0,0,0,0,0,0,0,0
HCC-33,0,0,0,0,0,0,1,0,0,0,0,0,0
HCC1187,0,0,0,1,0,0,0,0,0,0,0,0,0
HCC1599,0,0,0,1,0,0,0,0,0,0,0,0,0
HCC2157,0,0,0,1,0,0,0,0,0,0,0,0,0
HCC2218,0,0,0,1,0,0,0,0,0,0,0,0,0
HCC2998,0,0,0,0,1,0,0,0,0,0,0,0,0
HD-MY-Z,0,1,0,0,0,0,0,0,0,0,0,0,0
HDLM-2,0,1,0,0,0,0,0,0,0,0,0,0,0
HEL,0,1,0,0,0,0,0,0,0,0,0,0,0
HH,0,1,0,0,0,0,0,0,0,0,0,0,0
HL-60,0,1,0,0,0,0,0,0,0,0,0,0,0
HOP-62,0,0,0,0,0,0,1,0,0,0,0,0,0
HSC-39,0,0,0,0,1,0,0,0,0,0,0,0,0
HT,0,1,0,0,0,0,0,0,0,0,0,0,0
HT-144,0,0,0,0,0,0,0,0,0,1,0,0,0
Hs-445,0,1,0,0,0,0,0,0,0,0,0,0,0
HuTu-80,0,0,0,0,1,0,0,0,0,0,0,0,0
IM-9,0,1,0,0,0,0,0,0,0,0,0,0,0
IMR-5,0,0,0,0,0,0,0,1,0,0,0,0,0
IST-MEL1,0,0,0,0,0,0,0,0,0,1,0,0,0
IST-MES1,0,0,0,0,0,0,1,0,0,0,0,0,0
IST-SL1,0,0,0,0,0,0,1,0,0,0,0,0,0
IST-SL2,0,0,0,0,0,0,1,0,0,0,0,0,0
JAR,0,0,0,0,0,0,0,0,0,0,0,0,1
JJN-3,0,1,0,0,0,0,0,0,0,0,0,0,0
JM1,0,1,0,0,0,0,0,0,0,0,0,0,0
JSC-1,0,1,0,0,0,0,0,0,0,0,0,0,0
JURL-MK1,0,1,0,0,0,0,0,0,0,0,0,0,0
JVM-2,0,1,0,0,0,0,0,0,0,0,0,0,0
JVM-3,0,1,0,0,0,0,0,0,0,0,0,0,0
JiyoyeP-2003,0,1,0,0,0,0,0,0,0,0,0,0,0
K-562,0,1,0,0,0,0,0,0,0,0,0,0,0
K5,0,0,0,0,0,0,0,0,0,0,0,1,0
KALS-1,0,0,0,0,0,0,0,1,0,0,0,0,0
KARPAS-231,0,1,0,0,0,0,0,0,0,0,0,0,0
KARPAS-299,0,1,0,0,0,0,0,0,0,0,0,0,0
KARPAS-422,0,1,0,0,0,0,0,0,0,0,0,0,0
KARPAS-45,0,1,0,0,0,0,0,0,0,0,0,0,0
KASUMI-1,0,1,0,0,0,0,0,0,0,0,0,0,0
KCL-22,0,1,0,0,0,0,0,0,0,0,0,0,0
KE-37,0,1,0,0,0,0,0,0,0,0,0,0,0
KELLY,0,0,0,0,0,0,0,1,0,0,0,0,0
KG-1,0,1,0,0,0,0,0,0,0,0,0,0,0
KGN,0,0,0,0,0,0,0,0,0,0,0,0,1
KINGS-1,0,0,0,0,0,0,0,1,0,0,0,0,0
KM-H2,0,1,0,0,0,0,0,0,0,0,0,0,0
KM12,0,0,0,0,1,0,0,0,0,0,0,0,0
KMOE-2,0,1,0,0,0,0,0,0,0,0,0,0,0
KNS-42,0,0,0,0,0,0,0,1,0,0,0,0,0
KNS-81-FD,0,0,0,0,0,0,0,1,0,0,0,0,0
KOPN-8,0,1,0,0,0,0,0,0,0,0,0,0,0
KP-N-YN,0,0,0,0,0,0,0,1,0,0,0,0,0
KP-N-YS,0,0,0,0,0,0,0,1,0,0,0,0,0
KS-1,0,0,0,0,0,0,0,1,0,0,0,0,0
KU812,0,1,0,0,0,0,0,0,0,0,0,0,0
KURAMOCHI,0,0,0,0,0,0,0,0,0,0,0,0,1
KY821,0,1,0,0,0,0,0,0,0,0,0,0,0
L-1236,0,1,0,0,0,0,0,0,0,0,0,0,0
L-363,0,1,0,0,0,0,0,0,0,0,0,0,0
L-428,0,1,0,0,0,0,0,0,0,0,0,0,0
L-540,0,1,0,0,0,0,0,0,0,0,0,0,0
LAMA-84,0,1,0,0,0,0,0,0,0,0,0,0,0
LAN-6,0,0,0,0,0,0,0,1,0,0,0,0,0
LB1047-RCC,0,0,0,0,0,1,0,0,0,0,0,0,0
LB2241-RCC,0,0,0,0,0,1,0,0,0,0,0,0,0
LB2518-MEL,0,0,0,0,0,0,0,0,0,1,0,0,0
LB373-MEL-D,0,0,0,0,0,0,0,0,0,1,0,0,0
LB647-SCLC,0,0,0,0,0,0,1,0,0,0,0,0,0
LB771-HNC,1,0,0,0,0,0,0,0,0,0,0,0,0
LB831-BLC,0,0,0,0,0,0,0,0,0,0,0,0,1
LB996-RCC,0,0,0,0,0,1,0,0,0,0,0,0,0
LC-2-ad,0,0,0,0,0,0,1,0,0,0,0,0,0
LC4-1,0,1,0,0,0,0,0,0,0,0,0,0,0
LNCaP-Clone-FGC,0,0,0,0,0,0,0,0,0,0,0,0,1
LOUCY,0,1,0,0,0,0,0,0,0,0,0,0,0
LOXIMVI,0,0,0,0,0,0,0,0,0,1,0,0,0
LP-1,0,1,0,0,0,0,0,0,0,0,0,0,0
LS-1034,0,0,0,0,1,0,0,0,0,0,0,0,0
LS-123,0,0,0,0,1,0,0,0,0,0,0,0,0
LS-411N,0,0,0,0,1,0,0,0,0,0,0,0,0
LS-513,0,0,0,0,1,0,0,0,0,0,0,0,0
LU-134-A,0,0,0,0,0,0,1,0,0,0,0,0,0
LU-139,0,0,0,0,0,0,1,0,0,0,0,0,0
LU-165,0,0,0,0,0,0,1,0,0,0,0,0,0
LU-65,0,0,0,0,0,0,1,0,0,0,0,0,0
LXF-289,0,0,0,0,0,0,1,0,0,0,0,0,0
MC-CAR,0,1,0,0,0,0,0,0,0,0,0,0,0
MC116,0,1,0,0,0,0,0,0,0,0,0,0,0
MDST8,0,0,0,0,1,0,0,0,0,0,0,0,0
ME-1,0,1,0,0,0,0,0,0,0,0,0,0,0
MEG-01,0,1,0,0,0,0,0,0,0,0,0,0,0
MFH-ino,0,0,0,0,0,0,0,0,0,0,1,0,0
MFM-223,0,0,0,1,0,0,0,0,0,0,0,0,0
MHH-NB-11,0,0,0,0,0,0,0,1,0,0,0,0,0
MHH-PREB-1,0,1,0,0,0,0,0,0,0,0,0,0,0
ML-2,0,1,0,0,0,0,0,0,0,0,0,0,0
MLMA,0,1,0,0,0,0,0,0,0,0,0,0,0
MMAc-SF,0,0,0,0,0,0,0,0,0,1,0,0,0
MN-60,0,1,0,0,0,0,0,0,0,0,0,0,0
MOLM-13,0,1,0,0,0,0,0,0,0,0,0,0,0
MOLP-8,0,1,0,0,0,0,0,0,0,0,0,0,0
MOLT-4,0,1,0,0,0,0,0,0,0,0,0,0,0
MONO-MAC-6,0,1,0,0,0,0,0,0,0,0,0,0,0
MPP-89,0,0,0,0,0,0,1,0,0,0,0,0,0
MRK-nu-1,0,0,0,1,0,0,0,0,0,0,0,0,0
MS-1,0,0,0,0,0,0,1,0,0,0,0,0,0
MSTO-211H,0,0,0,0,0,0,1,0,0,0,0,0,0
MV-4-11,0,1,0,0,0,0,0,0,0,0,0,0,0
MY-M12,0,1,0,0,0,0,0,0,0,0,0,0,0
MZ1-PC,0,0,0,0,0,0,0,0,1,0,0,0,0
MZ2-MEL,0,0,0,0,0,0,0,0,0,1,0,0,0
MZ7-mel,0,0,0,0,0,0,0,0,0,1,0,0,0
Mo-T,0,1,0,0,0,0,0,0,0,0,0,0,0
NALM-6,0,1,0,0,0,0,0,0,0,0,0,0,0
NAMALWA,0,1,0,0,0,0,0,0,0,0,0,0,0
NB(TU)1-10,0,0,0,0,0,0,0,1,0,0,0,0,0
NB1,0,0,0,0,0,0,0,1,0,0,0,0,0
NB10,0,0,0,0,0,0,0,1,0,0,0,0,0
NB12,0,0,0,0,0,0,0,1,0,0,0,0,0
NB13,0,0,0,0,0,0,0,1,0,0,0,0,0
NB14,0,0,0,0,0,0,0,1,0,0,0,0,0
NB17,0,0,0,0,0,0,0,1,0,0,0,0,0
NB4,0,1,0,0,0,0,0,0,0,0,0,0,0
NB5,0,0,0,0,0,0,0,1,0,0,0,0,0
NB6,0,0,0,0,0,0,0,1,0,0,0,0,0
NB69,0,0,0,0,0,0,0,1,0,0,0,0,0
NB7,0,0,0,0,0,0,0,1,0,0,0,0,0
NCI-H1092,0,0,0,0,0,0,1,0,0,0,0,0,0
NCI-H1155,0,0,0,0,0,0,1,0,0,0,0,0,0
NCI-H128,0,0,0,0,0,0,1,0,0,0,0,0,0
NCI-H1304,0,0,0,0,0,0,1,0,0,0,0,0,0
NCI-H1355,0,0,0,0,0,0,1,0,0,0,0,0,0
NCI-H1417,0,0,0,0,0,0,1,0,0,0,0,0,0
NCI-H1436,0,0,0,0,0,0,1,0,0,0,0,0,0
NCI-H1581,0,0,0,0,0,0,1,0,0,0,0,0,0
NCI-H1648,0,0,0,0,0,0,1,0,0,0,0,0,0
NCI-H1666,0,0,0,0,0,0,1,0,0,0,0,0,0
NCI-H1694,0,0,0,0,0,0,1,0,0,0,0,0,0
NCI-H1770,0,0,0,0,0,0,1,0,0,0,0,0,0
NCI-H1836,0,0,0,0,0,0,1,0,0,0,0,0,0
NCI-H1838,0,0,0,0,0,0,1,0,0,0,0,0,0
NCI-H1869,0,0,0,0,0,0,1,0,0,0,0,0,0
NCI-H187,0,0,0,0,0,0,1,0,0,0,0,0,0
NCI-H1876,0,0,0,0,0,0,1,0,0,0,0,0,0
NCI-H1963,0,0,0,0,0,0,1,0,0,0,0,0,0
NCI-H1975,0,0,0,0,0,0,1,0,0,0,0,0,0
NCI-H2081,0,0,0,0,0,0,1,0,0,0,0,0,0
NCI-H209,0,0,0,0,0,0,1,0,0,0,0,0,0
NCI-H211,0,0,0,0,0,0,1,0,0,0,0,0,0
NCI-H2135,0,0,0,0,0,0,1,0,0,0,0,0,0
NCI-H2141,0,0,0,0,0,0,1,0,0,0,0,0,0
NCI-H2171,0,0,0,0,0,0,1,0,0,0,0,0,0
NCI-H2196,0,0,0,0,0,0,1,0,0,0,0,0,0
NCI-H2227,0,0,0,0,0,0,1,0,0,0,0,0,0
NCI-H226,0,0,0,0,0,0,1,0,0,0,0,0,0
NCI-H23,0,0,0,0,0,0,1,0,0,0,0,0,0
NCI-H322M,0,0,0,0,0,0,1,0,0,0,0,0,0
NCI-H345,0,0,0,0,0,0,1,0,0,0,0,0,0
NCI-H446,0,0,0,0,0,0,1,0,0,0,0,0,0
NCI-H510A,0,0,0,0,0,0,1,0,0,0,0,0,0
NCI-H524,0,0,0,0,0,0,1,0,0,0,0,0,0
NCI-H526,0,0,0,0,0,0,1,0,0,0,0,0,0
NCI-H64,0,0,0,0,0,0,1,0,0,0,0,0,0
NCI-H69,0,0,0,0,0,0,1,0,0,0,0,0,0
NCI-H716,0,0,0,0,1,0,0,0,0,0,0,0,0
NCI-H720,0,0,0,0,0,0,1,0,0,0,0,0,0
NCI-H747,0,0,0,0,1,0,0,0,0,0,0,0,0
NCI-H748,0,0,0,0,0,0,1,0,0,0,0,0,0
NCI-H82,0,0,0,0,0,0,1,0,0,0,0,0,0
NCI-H847,0,0,0,0,0,0,1,0,0,0,0,0,0
NEC8,0,0,0,0,0,0,0,0,0,0,0,0,1
NH-12,0,0,0,0,0,0,0,1,0,0,0,0,0
NK-92MI,0,1,0,0,0,0,0,0,0,0,0,0,0
NKM-1,0,1,0,0,0,0,0,0,0,0,0,0,0
NMC-G1,0,0,0,0,0,0,0,1,0,0,0,0,0
NOMO-1,0,1,0,0,0,0,0,0,0,0,0,0,0
NOS-1,0,0,1,0,0,0,0,0,0,0,0,0,0
NTERA-2-cl-D1,0,0,0,0,0,0,0,0,0,0,0,0,1
NU-DUL-1,0,1,0,0,0,0,0,0,0,0,0,0,0
OCI-AML2,0,1,0,0,0,0,0,0,0,0,0,0,0
OCI-AML3,0,1,0,0,0,0,0,0,0,0,0,0,0
OCI-AML5,0,1,0,0,0,0,0,0,0,0,0,0,0
OCI-LY-19,0,1,0,0,0,0,0,0,0,0,0,0,0
OCI-M1,0,1,0,0,0,0,0,0,0,0,0,0,0
OCUB-M,0,0,0,1,0,0,0,0,0,0,0,0,0
OMC-1,0,0,0,0,0,0,0,0,0,0,0,0,1
ONS-76,0,0,0,0,0,0,0,1,0,0,0,0,0
OPM-2,0,1,0,0,0,0,0,0,0,0,0,0,0
OS-RC-2,0,0,0,0,0,1,0,0,0,0,0,0,0
OVCAR-4,0,0,0,0,0,0,0,0,0,0,0,0,1
P30-OHK,0,1,0,0,0,0,0,0,0,0,0,0,0
P31-FUJ,0,1,0,0,0,0,0,0,0,0,0,0,0
P32-ISH,0,1,0,0,0,0,0,0,0,0,0,0,0
PF-382,0,1,0,0,0,0,0,0,0,0,0,0,0
PL-21,0,1,0,0,0,0,0,0,0,0,0,0,0
PSN1,0,0,0,0,0,0,0,0,1,0,0,0,0
QIMR-WIL,0,1,0,0,0,0,0,0,0,0,0,0,0
RC-K8,0,1,0,0,0,0,0,0,0,0,0,0,0
RCC10RGB,0,0,0,0,0,1,0,0,0,0,0,0,0
REH,0,1,0,0,0,0,0,0,0,0,0,0,0
RF-48,0,0,0,0,1,0,0,0,0,0,0,0,0
RH-1,0,0,0,0,0,0,0,0,0,0,1,0,0
RKO,0,0,0,0,1,0,0,0,0,0,0,0,0
RL,0,1,0,0,0,0,0,0,0,0,0,0,0
RL95-2,0,0,0,0,0,0,0,0,0,0,0,0,1
ROS-50,0,1,0,0,0,0,0,0,0,0,0,0,0
RPMI-6666,0,1,0,0,0,0,0,0,0,0,0,0,0
RPMI-8226,0,1,0,0,0,0,0,0,0,0,0,0,0
RPMI-8402,0,1,0,0,0,0,0,0,0,0,0,0,0
RPMI-8866,0,1,0,0,0,0,0,0,0,0,0,0,0
RS4-11,0,1,0,0,0,0,0,0,0,0,0,0,0
RXF393,0,0,0,0,0,1,0,0,0,0,0,0,0
Raji,0,1,0,0,0,0,0,0,0,0,0,0,0
Ramos-2G6-4C10,0,1,0,0,0,0,0,0,0,0,0,0,0
SBC-1,0,0,0,0,0,0,1,0,0,0,0,0,0
SCC-15,1,0,0,0,0,0,0,0,0,0,0,0,0
SCC-3,0,1,0,0,0,0,0,0,0,0,0,0,0
SCH,0,0,0,0,1,0,0,0,0,0,0,0,0
SF126,0,0,0,0,0,0,0,1,0,0,0,0,0
SF268,0,0,0,0,0,0,0,1,0,0,0,0,0
SF539,0,0,0,0,0,0,0,1,0,0,0,0,0
SH-4,0,0,0,0,0,0,0,0,0,1,0,0,0
SHP-77,0,0,0,0,0,0,1,0,0,0,0,0,0
SIG-M5,0,1,0,0,0,0,0,0,0,0,0,0,0
SIMA,0,0,0,0,0,0,0,1,0,0,0,0,0
SJSA-1,0,0,1,0,0,0,0,0,0,0,0,0,0
SK-ES-1,0,0,1,0,0,0,0,0,0,0,0,0,0
SK-LMS-1,0,0,0,0,0,0,0,0,0,0,1,0,0
SK-MEL-1,0,0,0,0,0,0,0,0,0,1,0,0,0
SK-MEL-2,0,0,0,0,0,0,0,0,0,1,0,0,0
SK-MM-2,0,1,0,0,0,0,0,0,0,0,0,0,0
SK-N-DZ,0,0,0,0,0,0,0,1,0,0,0,0,0
SK-N-FI,0,0,0,0,0,0,0,1,0,0,0,0,0
SK-PN-DW,0,0,1,0,0,0,0,0,0,0,0,0,0
SK-UT-1,0,0,0,0,0,0,0,0,0,0,1,0,0
SKM-1,0,1,0,0,0,0,0,0,0,0,0,0,0
SLVL,0,1,0,0,0,0,0,0,0,0,0,0,0
SNB75,0,0,0,0,0,0,0,1,0,0,0,0,0
SNU-1,0,0,0,0,1,0,0,0,0,0,0,0,0
SNU-16,0,0,0,0,1,0,0,0,0,0,0,0,0
SNU-5,0,0,0,0,1,0,0,0,0,0,0,0,0
SNU-C1,0,0,0,0,1,0,0,0,0,0,0,0,0
SR,0,1,0,0,0,0,0,0,0,0,0,0,0
ST486,0,1,0,0,0,0,0,0,0,0,0,0,0
SU-DHL-1,0,1,0,0,0,0,0,0,0,0,0,0,0
SU-DHL-16,0,1,0,0,0,0,0,0,0,0,0,0,0
SU-DHL-4,0,1,0,0,0,0,0,0,0,0,0,0,0
SU-DHL-6,0,1,0,0,0,0,0,0,0,0,0,0,0
SU-DHL-8,0,1,0,0,0,0,0,0,0,0,0,0,0
SUP-B15,0,1,0,0,0,0,0,0,0,0,0,0,0
SUP-HD1,0,1,0,0,0,0,0,0,0,0,0,0,0
SUP-M2,0,1,0,0,0,0,0,0,0,0,0,0,0
SUP-T1,0,1,0,0,0,0,0,0,0,0,0,0,0
SW684,0,0,0,0,0,0,0,0,0,0,1,0,0
SW872,0,0,0,0,0,0,0,0,0,0,1,0,0
SW954,0,0,0,0,0,0,0,0,0,0,0,0,1
SW962,0,0,0,0,0,0,0,0,0,0,0,0,1
TALL-1,0,1,0,0,0,0,0,0,0,0,0,0,0
TC-71,0,0,1,0,0,0,0,0,0,0,0,0,0
TE-1,1,0,0,0,0,0,0,0,0,0,0,0,0
TE-10,1,0,0,0,0,0,0,0,0,0,0,0,0
TE-12,1,0,0,0,0,0,0,0,0,0,0,0,0
TE-15,1,0,0,0,0,0,0,0,0,0,0,0,0
TE-441-T,0,0,0,0,0,0,0,0,0,0,1,0,0
TE-5,1,0,0,0,0,0,0,0,0,0,0,0,0
TE-6,1,0,0,0,0,0,0,0,0,0,0,0,0
TE-8,1,0,0,0,0,0,0,0,0,0,0,0,0
TGBC1TKB,0,0,0,0,1,0,0,0,0,0,0,0,0
TGW,0,0,0,0,0,0,0,1,0,0,0,0,0
THP-1,0,1,0,0,0,0,0,0,0,0,0,0,0
TK,0,1,0,0,0,0,0,0,0,0,0,0,0
TK10,0,0,0,0,0,1,0,0,0,0,0,0,0
TUR,0,1,0,0,0,0,0,0,0,0,0,0,0
U-698-M,0,1,0,0,0,0,0,0,0,0,0,0,0
U-87-MG,0,0,0,0,0,0,0,1,0,0,0,0,0
UACC-257,0,0,0,0,0,0,0,0,0,1,0,0,0
UACC-812,0,0,0,1,0,0,0,0,0,0,0,0,0
VA-ES-BJ,0,0,0,0,0,0,0,0,0,0,1,0,0
VAL,0,1,0,0,0,0,0,0,0,0,0,0,0
VCaP,0,0,0,0,0,0,0,0,0,0,0,0,1
WIL2-NS,0,1,0,0,0,0,0,0,0,0,0,0,0
WSU-DLCL2,0,1,0,0,0,0,0,0,0,0,0,0,0
WSU-NHL,0,1,0,0,0,0,0,0,0,0,0,0,0
YT,0,1,0,0,0,0,0,0,0,0,0,0,0
no-10,0,0,0,0,0,0,0,1,0,0,0,0,0
no-11,0,0,0,0,0,0,0,1,0,0,0,0,0
A498,0,0,0,0,0,1,0,0,0,0,0,0,0
A704,0,0,0,0,0,1,0,0,0,0,0,0,0
EW-22,0,0,1,0,0,0,0,0,0,0,0,0,0
GAK,0,0,0,0,0,0,0,0,0,1,0,0,0
HCC1500,0,0,0,1,0,0,0,0,0,0,0,0,0
HCE-4,1,0,0,0,0,0,0,0,0,0,0,0,0
KARPAS-620,0,1,0,0,0,0,0,0,0,0,0,0,0
KLE,0,0,0,0,0,0,0,0,0,0,0,0,1
KMS-12-BM,0,1,0,0,0,0,0,0,0,0,0,0,0
KP-N-RT-BM-1,0,0,0,0,0,0,0,1,0,0,0,0,0
KYM-1,0,0,0,0,0,0,0,0,0,0,1,0,0
NCI-H1299,0,0,0,0,0,0,1,0,0,0,0,0,0
SNU-C2B,0,0,0,0,1,0,0,0,0,0,0,0,0
TC-YIK,0,0,0,0,0,0,0,0,0,0,0,0,1
TE-11,1,0,0,0,0,0,0,0,0,0,0,0,0
TE-9,1,0,0,0,0,0,0,0,0,0,0,0,0
TGBC24TKB,0,0,0,0,1,0,0,0,0,0,0,0,0
BB65-RCC,0,0,0,0,0,1,0,0,0,0,0,0,0
CP67-MEL,0,0,0,0,0,0,0,0,0,1,0,0,0
IA-LM,0,0,0,0,0,0,1,0,0,0,0,0,0
SW982,0,0,0,0,0,0,0,0,0,0,1,0,0
CRO-AP2,0,1,0,0,0,0,0,0,0,0,0,0,0
MOLT-13,0,1,0,0,0,0,0,0,0,0,0,0,0
NCI-H250,0,0,0,0,0,0,1,0,0,0,0,0,0
NCI-H378,0,0,0,0,0,0,1,0,0,0,0,0,0
201T,0,0,0,0,0,0,1,0,0,0,0,0,0
22RV1,0,0,0,0,0,0,0,0,0,0,0,0,1
23132-87,0,0,0,0,1,0,0,0,0,0,0,0,0
42-MG-BA,0,0,0,0,0,0,0,1,0,0,0,0,0
451Lu,0,0,0,0,0,0,0,0,0,1,0,0,0
5637,0,0,0,0,0,0,0,0,0,0,0,0,1
639-V,0,0,0,0,0,0,0,0,0,0,0,0,1
647-V,0,0,0,0,0,0,0,0,0,0,0,0,1
769-P,0,0,0,0,0,1,0,0,0,0,0,0,0
786-0,0,0,0,0,0,1,0,0,0,0,0,0,0
8305C,0,0,0,0,0,0,0,0,0,0,0,1,0
8505C,0,0,0,0,0,0,0,0,0,0,0,1,0
A172,0,0,0,0,0,0,0,1,0,0,0,0,0
A204,0,0,0,0,0,0,0,0,0,0,1,0,0
A2058,0,0,0,0,0,0,0,0,0,1,0,0,0
A2780,0,0,0,0,0,0,0,0,0,0,0,0,1
A375,0,0,0,0,0,0,0,0,0,1,0,0,0
A427,0,0,0,0,0,0,1,0,0,0,0,0,0
A431,0,0,0,0,0,0,0,0,0,1,0,0,0
A673,0,0,0,0,0,0,0,0,0,0,1,0,0
ABC-1,0,0,0,0,0,0,1,0,0,0,0,0,0
ACHN,0,0,0,0,0,1,0,0,0,0,0,0,0
AGS,0,0,0,0,1,0,0,0,0,0,0,0,0
AN3-CA,0,0,0,0,0,0,0,0,0,0,0,0,1
ASH-3,0,0,0,0,0,0,0,0,0,0,0,1,0
AU565,0,0,0,1,0,0,0,0,0,0,0,0,0
AsPC-1,0,0,0,0,0,0,0,0,1,0,0,0,0
B-CPAP,0,0,0,0,0,0,0,0,0,0,0,1,0
BEN,0,0,0,0,0,0,1,0,0,0,0,0,0
BFTC-905,0,0,0,0,0,0,0,0,0,0,0,0,1
BFTC-909,0,0,0,0,0,1,0,0,0,0,0,0,0
BHT-101,0,0,0,0,0,0,0,0,0,0,0,1,0
BHY,1,0,0,0,0,0,0,0,0,0,0,0,0
BICR10,1,0,0,0,0,0,0,0,0,0,0,0,0
BICR22,1,0,0,0,0,0,0,0,0,0,0,0,0
BICR31,1,0,0,0,0,0,0,0,0,0,0,0,0
BICR78,1,0,0,0,0,0,0,0,0,0,0,0,0
BPH-1,0,0,0,0,0,0,0,0,0,0,0,0,1
BT-20,0,0,0,1,0,0,0,0,0,0,0,0,0
BT-483,0,0,0,1,0,0,0,0,0,0,0,0,0
BxPC-3,0,0,0,0,0,0,0,0,1,0,0,0,0
C-33-A,0,0,0,0,0,0,0,0,0,0,0,0,1
C-4-I,0,0,0,0,0,0,0,0,0,0,0,0,1
C32,0,0,0,0,0,0,0,0,0,1,0,0,0
C3A,0,0,0,0,1,0,0,0,0,0,0,0,0
CAKI-1,0,0,0,0,0,1,0,0,0,0,0,0,0
CAL-120,0,0,0,1,0,0,0,0,0,0,0,0,0
CAL-12T,0,0,0,0,0,0,1,0,0,0,0,0,0
CAL-27,1,0,0,0,0,0,0,0,0,0,0,0,0
CAL-29,0,0,0,0,0,0,0,0,0,0,0,0,1
CAL-33,1,0,0,0,0,0,0,0,0,0,0,0,0
CAL-39,0,0,0,0,0,0,0,0,0,0,0,0,1
CAL-51,0,0,0,1,0,0,0,0,0,0,0,0,0
CAL-54,0,0,0,0,0,1,0,0,0,0,0,0,0
CAL-62,0,0,0,0,0,0,0,0,0,0,0,1,0
CAL-72,0,0,1,0,0,0,0,0,0,0,0,0,0
CAL-78,0,0,1,0,0,0,0,0,0,0,0,0,0
CAL-85-1,0,0,0,1,0,0,0,0,0,0,0,0,0
CAMA-1,0,0,0,1,0,0,0,0,0,0,0,0,0
CAPAN-1,0,0,0,0,0,0,0,0,1,0,0,0,0
CAPAN-2,0,0,0,0,0,0,0,0,1,0,0,0,0
CCF-STTG1,0,0,0,0,0,0,0,1,0,0,0,0,0
CCK-81,0,0,0,0,1,0,0,0,0,0,0,0,0
CFPAC-1,0,0,0,0,0,0,0,0,1,0,0,0,0
CHL-1,0,0,0,0,0,0,0,0,0,1,0,0,0
CHP-212,0,0,0,0,0,0,0,1,0,0,0,0,0
CHSA0011,0,0,1,0,0,0,0,0,0,0,0,0,0
CHSA0108,0,0,1,0,0,0,0,0,0,0,0,0,0
CHSA8926,0,0,1,0,0,0,0,0,0,0,0,0,0
COLO-205,0,0,0,0,1,0,0,0,0,0,0,0,0
COLO-678,0,0,0,0,1,0,0,0,0,0,0,0,0
COLO-679,0,0,0,0,0,0,0,0,0,1,0,0,0
COLO-680N,1,0,0,0,0,0,0,0,0,0,0,0,0
COLO-783,0,0,0,0,0,0,0,0,0,1,0,0,0
COLO-792,0,0,0,0,0,0,0,0,0,1,0,0,0
COR-L105,0,0,0,0,0,0,1,0,0,0,0,0,0
COR-L23,0,0,0,0,0,0,1,0,0,0,0,0,0
CP50-MEL-B,0,0,0,0,0,0,0,0,0,1,0,0,0
CS1,0,0,1,0,0,0,0,0,0,0,0,0,0
Ca-Ski,0,0,0,0,0,0,0,0,0,0,0,0,1
Ca9-22,1,0,0,0,0,0,0,0,0,0,0,0,0
CaR-1,0,0,0,0,1,0,0,0,0,0,0,0,0
Calu-3,0,0,0,0,0,0,1,0,0,0,0,0,0
Caov-3,0,0,0,0,0,0,0,0,0,0,0,0,1
Caov-4,0,0,0,0,0,0,0,0,0,0,0,0,1
ChaGo-K-1,0,0,0,0,0,0,1,0,0,0,0,0,0
D-423MG,0,0,0,0,0,0,0,1,0,0,0,0,0
D-566MG,0,0,0,0,0,0,0,1,0,0,0,0,0
DAN-G,0,0,0,0,0,0,0,0,1,0,0,0,0
DBTRG-05MG,0,0,0,0,0,0,0,1,0,0,0,0,0
DK-MG,0,0,0,0,0,0,0,1,0,0,0,0,0
DMS-273,0,0,0,0,0,0,1,0,0,0,0,0,0
DMS-53,0,0,0,0,0,0,1,0,0,0,0,0,0
DOK,1,0,0,0,0,0,0,0,0,0,0,0,0
DU-145,0,0,0,0,0,0,0,0,0,0,0,0,1
Daoy,0,0,0,0,0,0,0,1,0,0,0,0,0
Detroit562,1,0,0,0,0,0,0,0,0,0,0,0,0
DoTc2-4510,0,0,0,0,0,0,0,0,0,0,0,0,1
EBC-1,0,0,0,0,0,0,1,0,0,0,0,0,0
ECC10,0,0,0,0,1,0,0,0,0,0,0,0,0
EFM-19,0,0,0,1,0,0,0,0,0,0,0,0,0
EFM-192A,0,0,0,1,0,0,0,0,0,0,0,0,0
EFO-21,0,0,0,0,0,0,0,0,0,0,0,0,1
EFO-27,0,0,0,0,0,0,0,0,0,0,0,0,1
EGI-1,0,0,0,0,1,0,0,0,0,0,0,0,0
EN,0,0,0,0,0,0,0,0,0,0,0,0,1
EPLC-272H,0,0,0,0,0,0,1,0,0,0,0,0,0
ESS-1,0,0,0,0,0,0,0,0,0,0,0,0,1
EW-7,0,0,1,0,0,0,0,0,0,0,0,0,0
FADU,1,0,0,0,0,0,0,0,0,0,0,0,0
FTC-133,0,0,0,0,0,0,0,0,0,0,0,1,0
FU-OV-1,0,0,0,0,0,0,0,0,0,0,0,0,1
FU97,0,0,0,0,1,0,0,0,0,0,0,0,0
G-292-Clone-A141B1,0,0,1,0,0,0,0,0,0,0,0,0,0
G-361,0,0,0,0,0,0,0,0,0,1,0,0,0
G-401,0,0,0,0,0,1,0,0,0,0,0,0,0
G-402,0,0,0,0,0,0,0,0,0,0,1,0,0
G-MEL,0,0,0,0,0,0,0,0,0,1,0,0,0
GAMG,0,0,0,0,0,0,0,1,0,0,0,0,0
GCT,0,0,0,0,0,0,0,0,0,0,1,0,0
GMS-10,0,0,0,0,0,0,0,1,0,0,0,0,0
GP5d,0,0,0,0,1,0,0,0,0,0,0,0,0
H3255,0,0,0,0,0,0,1,0,0,0,0,0,0
H4,0,0,0,0,0,0,0,1,0,0,0,0,0
HARA,0,0,0,0,0,0,1,0,0,0,0,0,0
HCC-15,0,0,0,0,0,0,1,0,0,0,0,0,0
HCC-44,0,0,0,0,0,0,1,0,0,0,0,0,0
HCC-78,0,0,0,0,0,0,1,0,0,0,0,0,0
HCC-827,0,0,0,0,0,0,1,0,0,0,0,0,0
HCC1143,0,0,0,1,0,0,0,0,0,0,0,0,0
HCC1395,0,0,0,1,0,0,0,0,0,0,0,0,0
HCC1419,0,0,0,1,0,0,0,0,0,0,0,0,0
HCC1428,0,0,0,1,0,0,0,0,0,0,0,0,0
HCC1569,0,0,0,1,0,0,0,0,0,0,0,0,0
HCC1806,0,0,0,1,0,0,0,0,0,0,0,0,0
HCC1937,0,0,0,1,0,0,0,0,0,0,0,0,0
HCC1954,0,0,0,1,0,0,0,0,0,0,0,0,0
HCC202,0,0,0,1,0,0,0,0,0,0,0,0,0
HCC38,0,0,0,1,0,0,0,0,0,0,0,0,0
HCC70,0,0,0,1,0,0,0,0,0,0,0,0,0
HCT-116,0,0,0,0,1,0,0,0,0,0,0,0,0
HCT-15,0,0,0,0,1,0,0,0,0,0,0,0,0
HDQ-P1,0,0,0,1,0,0,0,0,0,0,0,0,0
HEC-1,0,0,0,0,0,0,0,0,0,0,0,0,1
HGC-27,0,0,0,0,1,0,0,0,0,0,0,0,0
HLE,0,0,0,0,1,0,0,0,0,0,0,0,0
HMV-II,0,0,0,0,0,0,0,0,0,1,0,0,0
HN,1,0,0,0,0,0,0,0,0,0,0,0,0
HO-1-N-1,1,0,0,0,0,0,0,0,0,0,0,0,0
HO-1-u-1,1,0,0,0,0,0,0,0,0,0,0,0,0
HOP-92,0,0,0,0,0,0,1,0,0,0,0,0,0
HOS,0,0,1,0,0,0,0,0,0,0,0,0,0
HPAC,0,0,0,0,0,0,0,0,1,0,0,0,0
HPAF-II,0,0,0,0,0,0,0,0,1,0,0,0,0
HSC-2,1,0,0,0,0,0,0,0,0,0,0,0,0
HSC-3,1,0,0,0,0,0,0,0,0,0,0,0,0
HSC-4,1,0,0,0,0,0,0,0,0,0,0,0,0
HT-1080,0,0,0,0,0,0,0,0,0,0,1,0,0
HT-115,0,0,0,0,1,0,0,0,0,0,0,0,0
HT-1197,0,0,0,0,0,0,0,0,0,0,0,0,1
HT-1376,0,0,0,0,0,0,0,0,0,0,0,0,1
HT-29,0,0,0,0,1,0,0,0,0,0,0,0,0
HT-3,0,0,0,0,0,0,0,0,0,0,0,0,1
HT55,0,0,0,0,1,0,0,0,0,0,0,0,0
HTC-C3,0,0,0,0,0,0,0,0,0,0,0,1,0
HeLa,0,0,0,0,0,0,0,0,0,0,0,0,1
Hep3B2-1-7,0,0,0,0,1,0,0,0,0,0,0,0,0
Hs-578-T,0,0,0,1,0,0,0,0,0,0,0,0,0
Hs-633T,0,0,0,0,0,0,0,0,0,0,1,0,0
Hs-683,0,0,0,0,0,0,0,1,0,0,0,0,0
Hs-766T,0,0,0,0,0,0,0,0,1,0,0,0,0
Hs-939-T,0,0,0,0,0,0,0,0,0,1,0,0,0
Hs-940-T,0,0,0,0,0,0,0,0,0,1,0,0,0
HuCCT1,0,0,0,0,1,0,0,0,0,0,0,0,0
HuH-7,0,0,0,0,1,0,0,0,0,0,0,0,0
HuO-3N1,0,0,1,0,0,0,0,0,0,0,0,0,0
HuO9,0,0,1,0,0,0,0,0,0,0,0,0,0
HuP-T3,0,0,0,0,0,0,0,0,1,0,0,0,0
HuP-T4,0,0,0,0,0,0,0,0,1,0,0,0,0
IGR-1,0,0,0,0,0,0,0,0,0,1,0,0,0
IGR-37,0,0,0,0,0,0,0,0,0,1,0,0,0
IHH-4,0,0,0,0,0,0,0,0,0,0,0,1,0
IM-95,0,0,0,0,1,0,0,0,0,0,0,0,0
IPC-298,0,0,0,0,0,0,0,0,0,1,0,0,0
J82,0,0,0,0,0,0,0,0,0,0,0,0,1
JEG-3,0,0,0,0,0,0,0,0,0,0,0,0,1
JHH-1,0,0,0,0,1,0,0,0,0,0,0,0,0
JHH-2,0,0,0,0,1,0,0,0,0,0,0,0,0
JHH-4,0,0,0,0,1,0,0,0,0,0,0,0,0
JHH-6,0,0,0,0,1,0,0,0,0,0,0,0,0
JHH-7,0,0,0,0,1,0,0,0,0,0,0,0,0
JHU-011,1,0,0,0,0,0,0,0,0,0,0,0,0
JHU-022,1,0,0,0,0,0,0,0,0,0,0,0,0
JHU-029,1,0,0,0,0,0,0,0,0,0,0,0,0
JIMT-1,0,0,0,1,0,0,0,0,0,0,0,0,0
K2,0,0,0,0,0,0,0,0,0,1,0,0,0
KMH-2,0,0,0,0,0,0,0,0,0,0,0,1,0
KMRC-1,0,0,0,0,0,1,0,0,0,0,0,0,0
KMRC-20,0,0,0,0,0,1,0,0,0,0,0,0,0
KON,1,0,0,0,0,0,0,0,0,0,0,0,0
KOSC-2,1,0,0,0,0,0,0,0,0,0,0,0,0
KP-1N,0,0,0,0,0,0,0,0,1,0,0,0,0
KP-2,0,0,0,0,0,0,0,0,1,0,0,0,0
KP-3,0,0,0,0,0,0,0,0,1,0,0,0,0
KP-4,0,0,0,0,0,0,0,0,1,0,0,0,0
KU-19-19,0,0,0,0,0,0,0,0,0,0,0,0,1
KYSE-140,1,0,0,0,0,0,0,0,0,0,0,0,0
KYSE-150,1,0,0,0,0,0,0,0,0,0,0,0,0
KYSE-180,1,0,0,0,0,0,0,0,0,0,0,0,0
KYSE-220,1,0,0,0,0,0,0,0,0,0,0,0,0
KYSE-270,1,0,0,0,0,0,0,0,0,0,0,0,0
KYSE-410,1,0,0,0,0,0,0,0,0,0,0,0,0
KYSE-450,1,0,0,0,0,0,0,0,0,0,0,0,0
KYSE-50,1,0,0,0,0,0,0,0,0,0,0,0,0
KYSE-510,1,0,0,0,0,0,0,0,0,0,0,0,0
KYSE-520,1,0,0,0,0,0,0,0,0,0,0,0,0
KYSE-70,1,0,0,0,0,0,0,0,0,0,0,0,0
LC-1-sq,0,0,0,0,0,0,1,0,0,0,0,0,0
LCLC-103H,0,0,0,0,0,0,1,0,0,0,0,0,0
LCLC-97TM1,0,0,0,0,0,0,1,0,0,0,0,0,0
LK-2,0,0,0,0,0,0,1,0,0,0,0,0,0
LN-18,0,0,0,0,0,0,0,1,0,0,0,0,0
LN-229,0,0,0,0,0,0,0,1,0,0,0,0,0
LN-405,0,0,0,0,0,0,0,1,0,0,0,0,0
LNZTA3WT4,0,0,0,0,0,0,0,1,0,0,0,0,0
LOU-NH91,0,0,0,0,0,0,1,0,0,0,0,0,0
LS-180,0,0,0,0,1,0,0,0,0,0,0,0,0
LU-135,0,0,0,0,0,0,1,0,0,0,0,0,0
LU-99A,0,0,0,0,0,0,1,0,0,0,0,0,0
LoVo,0,0,0,0,1,0,0,0,0,0,0,0,0
M059J,0,0,0,0,0,0,0,1,0,0,0,0,0
M14,0,0,0,0,0,0,0,0,0,1,0,0,0
MC-IXC,0,0,0,0,0,0,0,1,0,0,0,0,0
MCF7,0,0,0,1,0,0,0,0,0,0,0,0,0
MDA-MB-157,0,0,0,1,0,0,0,0,0,0,0,0,0
MDA-MB-175-VII,0,0,0,1,0,0,0,0,0,0,0,0,0
MDA-MB-231,0,0,0,1,0,0,0,0,0,0,0,0,0
MDA-MB-330,0,0,0,1,0,0,0,0,0,0,0,0,0
MDA-MB-361,0,0,0,1,0,0,0,0,0,0,0,0,0
MDA-MB-415,0,0,0,1,0,0,0,0,0,0,0,0,0
MDA-MB-436,0,0,0,1,0,0,0,0,0,0,0,0,0
MDA-MB-453,0,0,0,1,0,0,0,0,0,0,0,0,0
MDA-MB-468,0,0,0,1,0,0,0,0,0,0,0,0,0
ME-180,0,0,0,0,0,0,0,0,0,0,0,0,1
MEL-JUSO,0,0,0,0,0,0,0,0,0,1,0,0,0
MES-SA,0,0,0,0,0,0,0,0,0,0,0,0,1
MFE-280,0,0,0,0,0,0,0,0,0,0,0,0,1
MFE-296,0,0,0,0,0,0,0,0,0,0,0,0,1
MFE-319,0,0,0,0,0,0,0,0,0,0,0,0,1
MG-63,0,0,1,0,0,0,0,0,0,0,0,0,0
MHH-ES-1,0,0,1,0,0,0,0,0,0,0,0,0,0
MIA-PaCa-2,0,0,0,0,0,0,0,0,1,0,0,0,0
MKN1,0,0,0,0,1,0,0,0,0,0,0,0,0
MKN28,0,0,0,0,1,0,0,0,0,0,0,0,0
MKN45,0,0,0,0,1,0,0,0,0,0,0,0,0
ML-1,0,0,0,0,0,0,0,0,0,0,0,1,0
MOG-G-CCM,0,0,0,0,0,0,0,1,0,0,0,0,0
MOG-G-UVW,0,0,0,0,0,0,0,1,0,0,0,0,0
MS751,0,0,0,0,0,0,0,0,0,0,0,0,1
Mewo,0,0,0,0,0,0,0,0,0,1,0,0,0
NCI-H1048,0,0,0,0,0,0,1,0,0,0,0,0,0
NCI-H1435,0,0,0,0,0,0,1,0,0,0,0,0,0
NCI-H1437,0,0,0,0,0,0,1,0,0,0,0,0,0
NCI-H1563,0,0,0,0,0,0,1,0,0,0,0,0,0
NCI-H1568,0,0,0,0,0,0,1,0,0,0,0,0,0
NCI-H1573,0,0,0,0,0,0,1,0,0,0,0,0,0
NCI-H1623,0,0,0,0,0,0,1,0,0,0,0,0,0
NCI-H1651,0,0,0,0,0,0,1,0,0,0,0,0,0
NCI-H1688,0,0,0,0,0,0,1,0,0,0,0,0,0
NCI-H1693,0,0,0,0,0,0,1,0,0,0,0,0,0
NCI-H1703,0,0,0,0,0,0,1,0,0,0,0,0,0
NCI-H1734,0,0,0,0,0,0,1,0,0,0,0,0,0
NCI-H1755,0,0,0,0,0,0,1,0,0,0,0,0,0
NCI-H1781,0,0,0,0,0,0,1,0,0,0,0,0,0
NCI-H1792,0,0,0,0,0,0,1,0,0,0,0,0,0
NCI-H1793,0,0,0,0,0,0,1,0,0,0,0,0,0
NCI-H1915,0,0,0,0,0,0,1,0,0,0,0,0,0
NCI-H1944,0,0,0,0,0,0,1,0,0,0,0,0,0
NCI-H196,0,0,0,0,0,0,1,0,0,0,0,0,0
NCI-H1993,0,0,0,0,0,0,1,0,0,0,0,0,0
NCI-H2009,0,0,0,0,0,0,1,0,0,0,0,0,0
NCI-H2023,0,0,0,0,0,0,1,0,0,0,0,0,0
NCI-H2029,0,0,0,0,0,0,1,0,0,0,0,0,0
NCI-H2030,0,0,0,0,0,0,1,0,0,0,0,0,0
NCI-H2052,0,0,0,0,0,0,1,0,0,0,0,0,0
NCI-H2085,0,0,0,0,0,0,1,0,0,0,0,0,0
NCI-H2087,0,0,0,0,0,0,1,0,0,0,0,0,0
NCI-H2110,0,0,0,0,0,0,1,0,0,0,0,0,0
NCI-H2122,0,0,0,0,0,0,1,0,0,0,0,0,0
NCI-H2170,0,0,0,0,0,0,1,0,0,0,0,0,0
NCI-H2172,0,0,0,0,0,0,1,0,0,0,0,0,0
NCI-H2228,0,0,0,0,0,0,1,0,0,0,0,0,0
NCI-H2291,0,0,0,0,0,0,1,0,0,0,0,0,0
NCI-H2342,0,0,0,0,0,0,1,0,0,0,0,0,0
NCI-H2347,0,0,0,0,0,0,1,0,0,0,0,0,0
NCI-H2369,0,0,0,0,0,0,1,0,0,0,0,0,0
NCI-H2373,0,0,0,0,0,0,1,0,0,0,0,0,0
NCI-H2405,0,0,0,0,0,0,1,0,0,0,0,0,0
NCI-H2444,0,0,0,0,0,0,1,0,0,0,0,0,0
NCI-H2452,0,0,0,0,0,0,1,0,0,0,0,0,0
NCI-H2461,0,0,0,0,0,0,1,0,0,0,0,0,0
NCI-H2591,0,0,0,0,0,0,1,0,0,0,0,0,0
NCI-H2595,0,0,0,0,0,0,1,0,0,0,0,0,0
NCI-H2722,0,0,0,0,0,0,1,0,0,0,0,0,0
NCI-H2731,0,0,0,0,0,0,1,0,0,0,0,0,0
NCI-H2795,0,0,0,0,0,0,1,0,0,0,0,0,0
NCI-H28,0,0,0,0,0,0,1,0,0,0,0,0,0
NCI-H2803,0,0,0,0,0,0,1,0,0,0,0,0,0
NCI-H2804,0,0,0,0,0,0,1,0,0,0,0,0,0
NCI-H2818,0,0,0,0,0,0,1,0,0,0,0,0,0
NCI-H2869,0,0,0,0,0,0,1,0,0,0,0,0,0
NCI-H290,0,0,0,0,0,0,1,0,0,0,0,0,0
NCI-H292,0,0,0,0,0,0,1,0,0,0,0,0,0
NCI-H3118,1,0,0,0,0,0,0,0,0,0,0,0,0
NCI-H3122,0,0,0,0,0,0,1,0,0,0,0,0,0
NCI-H358,0,0,0,0,0,0,1,0,0,0,0,0,0
NCI-H441,0,0,0,0,0,0,1,0,0,0,0,0,0
NCI-H460,0,0,0,0,0,0,1,0,0,0,0,0,0
NCI-H513,0,0,0,0,0,0,1,0,0,0,0,0,0
NCI-H520,0,0,0,0,0,0,1,0,0,0,0,0,0
NCI-H522,0,0,0,0,0,0,1,0,0,0,0,0,0
NCI-H596,0,0,0,0,0,0,1,0,0,0,0,0,0
NCI-H647,0,0,0,0,0,0,1,0,0,0,0,0,0
NCI-H650,0,0,0,0,0,0,1,0,0,0,0,0,0
NCI-H661,0,0,0,0,0,0,1,0,0,0,0,0,0
NCI-H727,0,0,0,0,0,0,1,0,0,0,0,0,0
NCI-H810,0,0,0,0,0,0,1,0,0,0,0,0,0
NCI-H838,0,0,0,0,0,0,1,0,0,0,0,0,0
NCI-H841,0,0,0,0,0,0,1,0,0,0,0,0,0
NUGC-3,0,0,0,0,1,0,0,0,0,0,0,0,0
NUGC-4,0,0,0,0,1,0,0,0,0,0,0,0,0
NY,0,0,1,0,0,0,0,0,0,0,0,0,0
OAW-28,0,0,0,0,0,0,0,0,0,0,0,0,1
OAW-42,0,0,0,0,0,0,0,0,0,0,0,0,1
OC-314,0,0,0,0,0,0,0,0,0,0,0,0,1
OCUM-1,0,0,0,0,1,0,0,0,0,0,0,0,0
OE19,1,0,0,0,0,0,0,0,0,0,0,0,0
OE21,1,0,0,0,0,0,0,0,0,0,0,0,0
OE33,1,0,0,0,0,0,0,0,0,0,0,0,0
OSC-19,1,0,0,0,0,0,0,0,0,0,0,0,0
OSC-20,1,0,0,0,0,0,0,0,0,0,0,0,0
OV-90,0,0,0,0,0,0,0,0,0,0,0,0,1
OVCAR-3,0,0,0,0,0,0,0,0,0,0,0,0,1
OVCAR-5,0,0,0,0,0,0,0,0,0,0,0,0,1
OVCAR-8,0,0,0,0,0,0,0,0,0,0,0,0,1
OVISE,0,0,0,0,0,0,0,0,0,0,0,0,1
OVKATE,0,0,0,0,0,0,0,0,0,0,0,0,1
OVMIU,0,0,0,0,0,0,0,0,0,0,0,0,1
OVTOKO,0,0,0,0,0,0,0,0,0,0,0,0,1
P12-ICHIKAWA,0,1,0,0,0,0,0,0,0,0,0,0,0
PA-1,0,0,0,0,0,0,0,0,0,0,0,0,1
PA-TU-8902,0,0,0,0,0,0,0,0,1,0,0,0,0
PA-TU-8988T,0,0,0,0,0,0,0,0,1,0,0,0,0
PANC-02-03,0,0,0,0,0,0,0,0,1,0,0,0,0
PANC-03-27,0,0,0,0,0,0,0,0,1,0,0,0,0
PANC-04-03,0,0,0,0,0,0,0,0,1,0,0,0,0
PANC-08-13,0,0,0,0,0,0,0,0,1,0,0,0,0
PANC-10-05,0,0,0,0,0,0,0,0,1,0,0,0,0
PC-14,0,0,0,0,0,0,1,0,0,0,0,0,0
PC-3,0,0,0,0,0,0,0,0,0,0,0,0,1
PC-3_[JPC-3],0,0,0,0,0,0,1,0,0,0,0,0,0
PCI-15A,1,0,0,0,0,0,0,0,0,0,0,0,0
PCI-30,1,0,0,0,0,0,0,0,0,0,0,0,0
PCI-38,1,0,0,0,0,0,0,0,0,0,0,0,0
PCI-4B,1,0,0,0,0,0,0,0,0,0,0,0,0
PCI-6A,1,0,0,0,0,0,0,0,0,0,0,0,0
PE-CA-PJ15,1,0,0,0,0,0,0,0,0,0,0,0,0
PFSK-1,0,0,0,0,0,0,0,1,0,0,0,0,0
PL18,0,0,0,0,0,0,0,0,1,0,0,0,0
PL4,0,0,0,0,0,0,0,0,1,0,0,0,0
RCM-1,0,0,0,0,1,0,0,0,0,0,0,0,0
RD,0,0,0,0,0,0,0,0,0,0,1,0,0
RERF-GC-1B,0,0,0,0,1,0,0,0,0,0,0,0,0
RERF-LC-KJ,0,0,0,0,0,0,1,0,0,0,0,0,0
RERF-LC-MS,0,0,0,0,0,0,1,0,0,0,0,0,0
RERF-LC-Sq1,0,0,0,0,0,0,1,0,0,0,0,0,0
RH-41,0,0,0,0,0,0,0,0,0,0,1,0,0
RKN,0,0,0,0,0,0,0,0,0,0,0,0,1
RMG-I,0,0,0,0,0,0,0,0,0,0,0,0,1
RO82-W-1,0,0,0,0,0,0,0,0,0,0,0,1,0
RPMI-2650,1,0,0,0,0,0,0,0,0,0,0,0,0
RPMI-7951,0,0,0,0,0,0,0,0,0,1,0,0,0
RT-112,0,0,0,0,0,0,0,0,0,0,0,0,1
RT4,0,0,0,0,0,0,0,0,0,0,0,0,1
RVH-421,0,0,0,0,0,0,0,0,0,1,0,0,0
SAS,1,0,0,0,0,0,0,0,0,0,0,0,0
SAT,1,0,0,0,0,0,0,0,0,0,0,0,0
SBC-3,0,0,0,0,0,0,1,0,0,0,0,0,0
SBC-5,0,0,0,0,0,0,1,0,0,0,0,0,0
SC-1,0,1,0,0,0,0,0,0,0,0,0,0,0
SCC-25,1,0,0,0,0,0,0,0,0,0,0,0,0
SCC-4,1,0,0,0,0,0,0,0,0,0,0,0,0
SCC90,1,0,0,0,0,0,0,0,0,0,0,0,0
SF295,0,0,0,0,0,0,0,1,0,0,0,0,0
SISO,0,0,0,0,0,0,0,0,0,0,0,0,1
SJRH30,0,0,0,0,0,0,0,0,0,0,1,0,0
SK-CO-1,0,0,0,0,1,0,0,0,0,0,0,0,0
SK-HEP-1,0,0,0,0,1,0,0,0,0,0,0,0,0
SK-LU-1,0,0,0,0,0,0,1,0,0,0,0,0,0
SK-MEL-24,0,0,0,0,0,0,0,0,0,1,0,0,0
SK-MEL-28,0,0,0,0,0,0,0,0,0,1,0,0,0
SK-MEL-3,0,0,0,0,0,0,0,0,0,1,0,0,0
SK-MEL-30,0,0,0,0,0,0,0,0,0,1,0,0,0
SK-MEL-5,0,0,0,0,0,0,0,0,0,1,0,0,0
SK-MES-1,0,0,0,0,0,0,1,0,0,0,0,0,0
SK-MG-1,0,0,0,0,0,0,0,1,0,0,0,0,0
SK-N-AS,0,0,0,0,0,0,0,1,0,0,0,0,0
SK-N-SH,0,0,0,0,0,0,0,1,0,0,0,0,0
SK-OV-3,0,0,0,0,0,0,0,0,0,0,0,0,1
SKG-IIIa,0,0,0,0,0,0,0,0,0,0,0,0,1
SKN,0,0,0,0,0,0,0,0,0,0,0,0,1
SKN-3,1,0,0,0,0,0,0,0,0,0,0,0,0
SN12C,0,0,0,0,0,1,0,0,0,0,0,0,0
SNG-M,0,0,0,0,0,0,0,0,0,0,0,0,1
SNU-182,0,0,0,0,1,0,0,0,0,0,0,0,0
SNU-387,0,0,0,0,1,0,0,0,0,0,0,0,0
SNU-398,0,0,0,0,1,0,0,0,0,0,0,0,0
SNU-423,0,0,0,0,1,0,0,0,0,0,0,0,0
SNU-449,0,0,0,0,1,0,0,0,0,0,0,0,0
SNU-475,0,0,0,0,1,0,0,0,0,0,0,0,0
STS-0421,0,0,0,0,0,0,0,0,0,0,1,0,0
SU-DHL-5,0,1,0,0,0,0,0,0,0,0,0,0,0
SU8686,0,0,0,0,0,0,0,0,1,0,0,0,0
SUIT-2,0,0,0,0,0,0,0,0,1,0,0,0,0
SW1088,0,0,0,0,0,0,0,1,0,0,0,0,0
SW1271,0,0,0,0,0,0,1,0,0,0,0,0,0
SW13,0,0,0,0,0,1,0,0,0,0,0,0,0
SW1417,0,0,0,0,1,0,0,0,0,0,0,0,0
SW1463,0,0,0,0,1,0,0,0,0,0,0,0,0
SW156,0,0,0,0,0,1,0,0,0,0,0,0,0
SW1573,0,0,0,0,0,0,1,0,0,0,0,0,0
SW1710,0,0,0,0,0,0,0,0,0,0,0,0,1
SW1783,0,0,0,0,0,0,0,1,0,0,0,0,0
SW1990,0,0,0,0,0,0,0,0,1,0,0,0,0
SW48,0,0,0,0,1,0,0,0,0,0,0,0,0
SW620,0,0,0,0,1,0,0,0,0,0,0,0,0
SW626,0,0,0,0,0,0,0,0,0,0,0,0,1
SW756,0,0,0,0,0,0,0,0,0,0,0,0,1
SW780,0,0,0,0,0,0,0,0,0,0,0,0,1
SW837,0,0,0,0,1,0,0,0,0,0,0,0,0
SW900,0,0,0,0,0,0,1,0,0,0,0,0,0
SW948,0,0,0,0,1,0,0,0,0,0,0,0,0
Saos-2,0,0,1,0,0,0,0,0,0,0,0,0,0
SiHa,0,0,0,0,0,0,0,0,0,0,0,0,1
T-T,1,0,0,0,0,0,0,0,0,0,0,0,0
T24,0,0,0,0,0,0,0,0,0,0,0,0,1
T47D,0,0,0,1,0,0,0,0,0,0,0,0,0
T84,0,0,0,0,1,0,0,0,0,0,0,0,0
T98G,0,0,0,0,0,0,0,1,0,0,0,0,0
TCCSUP,0,0,0,0,0,0,0,0,0,0,0,0,1
TGBC11TKB,0,0,0,0,1,0,0,0,0,0,0,0,0
TMK-1,0,0,0,0,1,0,0,0,0,0,0,0,0
TOV-112D,0,0,0,0,0,0,0,0,0,0,0,0,1
TOV-21G,0,0,0,0,0,0,0,0,0,0,0,0,1
TT,0,0,0,0,0,0,0,0,0,0,0,1,0
TT2609-C02,0,0,0,0,0,0,0,0,0,0,0,1,0
TYK-nu,0,0,0,0,0,0,0,0,0,0,0,0,1
U-118-MG,0,0,0,0,0,0,0,1,0,0,0,0,0
U-2-OS,0,0,1,0,0,0,0,0,0,0,0,0,0
U031,0,0,0,0,0,1,0,0,0,0,0,0,0
U251,0,0,0,0,0,0,0,1,0,0,0,0,0
UACC-62,0,0,0,0,0,0,0,0,0,1,0,0,0
UACC-893,0,0,0,1,0,0,0,0,0,0,0,0,0
UM-UC-3,0,0,0,0,0,0,0,0,0,0,0,0,1
UMC-11,0,0,0,0,0,0,1,0,0,0,0,0,0
VM-CUB-1,0,0,0,0,0,0,0,0,0,0,0,0,1
VMRC-MELG,0,0,0,0,0,0,0,0,0,1,0,0,0
VMRC-RCW,0,0,0,0,0,1,0,0,0,0,0,0,0
VMRC-RCZ,0,0,0,0,0,1,0,0,0,0,0,0,0
WM1552C,0,0,0,0,0,0,0,0,0,1,0,0,0
WM278,0,0,0,0,0,0,0,0,0,1,0,0,0
WM35,0,0,0,0,0,0,0,0,0,1,0,0,0
WM793B,0,0,0,0,0,0,0,0,0,1,0,0,0
YAPC,0,0,0,0,0,0,0,0,1,0,0,0,0
YH-13,0,0,0,0,0,0,0,1,0,0,0,0,0
YKG-1,0,0,0,0,0,0,0,1,0,0,0,0,0
huH-1,0,0,0,0,1,0,0,0,0,0,0,0,0
Hs-746T,0,0,0,0,1,0,0,0,0,0,0,0,0
SCC-9,1,0,0,0,0,0,0,0,0,0,0,0,0
SU-DHL-10,0,1,0,0,0,0,0,0,0,0,0,0,0
WM-115,0,0,0,0,0,0,0,0,0,1,0,0,0
CADO-ES1,0,0,1,0,0,0,0,0,0,0,0,0,0
CHP-134,0,0,0,0,0,0,0,1,0,0,0,0,0
COR-L303,0,0,0,0,0,0,1,0,0,0,0,0,0
COR-L311,0,0,0,0,0,0,1,0,0,0,0,0,0
COR-L321,0,0,0,0,0,0,1,0,0,0,0,0,0
DOV13,0,0,0,0,0,0,0,0,0,0,0,0,1
EMC-BAC-1,0,0,0,0,0,0,1,0,0,0,0,0,0
EMC-BAC-2,0,0,0,0,0,0,1,0,0,0,0,0,0
ESO26,1,0,0,0,0,0,0,0,0,0,0,0,0
ESO51,1,0,0,0,0,0,0,0,0,0,0,0,0
FLO-1,1,0,0,0,0,0,0,0,0,0,0,0,0
Hey,0,0,0,0,0,0,0,0,0,0,0,0,1
JHOS-2,0,0,0,0,0,0,0,0,0,0,0,0,1
JHOS-3,0,0,0,0,0,0,0,0,0,0,0,0,1
KMS-11,0,1,0,0,0,0,0,0,0,0,0,0,0
KYAE-1,1,0,0,0,0,0,0,0,0,0,0,0,0
NCC021,0,0,0,0,0,1,0,0,0,0,0,0,0
OACM5-1,1,0,0,0,0,0,0,0,0,0,0,0,0
OACp4C,1,0,0,0,0,0,0,0,0,0,0,0,0
OV-17R,0,0,0,0,0,0,0,0,0,0,0,0,1
OV-56,0,0,0,0,0,0,0,0,0,0,0,0,1
OV-7,0,0,0,0,0,0,0,0,0,0,0,0,1
OVCA420,0,0,0,0,0,0,0,0,0,0,0,0,1
OVCA433,0,0,0,0,0,0,0,0,0,0,0,0,1
OVK-18,0,0,0,0,0,0,0,0,0,0,0,0,1
PEO1,0,0,0,0,0,0,0,0,0,0,0,0,1
QGP-1,0,0,0,0,0,0,0,0,1,0,0,0,0
RCC-AB,0,0,0,0,0,1,0,0,0,0,0,0,0
RCC-ER,0,0,0,0,0,1,0,0,0,0,0,0,0
RCC-FG2,0,0,0,0,0,1,0,0,0,0,0,0,0
RCC-JF,0,0,0,0,0,1,0,0,0,0,0,0,0
RCC-JW,0,0,0,0,0,1,0,0,0,0,0,0,0
RCC-MF,0,0,0,0,0,1,0,0,0,0,0,0,0
RH-18,0,0,0,0,0,0,0,0,0,0,1,0,0
SK-GT-4,1,0,0,0,0,0,0,0,0,0,0,0,0
SNU-1040,0,0,0,0,1,0,0,0,0,0,0,0,0
SNU-175,0,0,0,0,1,0,0,0,0,0,0,0,0
SNU-407,0,0,0,0,1,0,0,0,0,0,0,0,0
SNU-61,0,0,0,0,1,0,0,0,0,0,0,0,0
SNU-81,0,0,0,0,1,0,0,0,0,0,0,0,0
SNU-C5,0,0,0,0,1,0,0,0,0,0,0,0,0
SW1116,0,0,0,0,1,0,0,0,0,0,0,0,0
TE-4,1,0,0,0,0,0,0,0,0,0,0,0,0
UWB1.289,0,0,0,0,0,0,0,0,0,0,0,0,1
YMB-1-E,0,0,0,1,0,0,0,0,0,0,0,0,0
JHOS-4,0,0,0,0,0,0,0,0,0,0,0,0,1
Jurkat,0,1,0,0,0,0,0,0,0,0,0,0,0
KATOIII,0,0,0,0,1,0,0,0,0,0,0,0,0
KNS-62,0,0,0,0,0,0,1,0,0,0,0,0,0
NCI-H1105,0,0,0,0,0,0,1,0,0,0,0,0,0
NCI-H1341,0,0,0,0,0,0,1,0,0,0,0,0,0
NCI-H146,0,0,0,0,0,0,1,0,0,0,0,0,0
NCI-H2066,0,0,0,0,0,0,1,0,0,0,0,0,0
NCI-H2810,0,0,0,0,0,0,1,0,0,0,0,0,0
NCI-H835,0,0,0,0,0,0,1,0,0,0,0,0,0
PWR-1E,0,0,0,0,0,0,0,0,0,0,0,0,1
RCH-ACV,0,1,0,0,0,0,0,0,0,0,0,0,0
CML-T1,0,1,0,0,0,0,0,0,0,0,0,0,0
A549,0,0,0,0,0,0,1,0,0,0,0,0,0
BALL-1,0,1,0,0,0,0,0,0,0,0,0,0,0
BT-549,0,0,0,1,0,0,0,0,0,0,0,0,0
CL-34,0,0,0,0,1,0,0,0,0,0,0,0,0
CL-40,0,0,0,0,1,0,0,0,0,0,0,0,0
DiFi,0,0,0,0,1,0,0,0,0,0,0,0,0
HCC-366,0,0,0,0,0,0,1,0,0,0,0,0,0
IGROV-1,0,0,0,0,0,0,0,0,0,0,0,0,1
JEKO-1,0,1,0,0,0,0,0,0,0,0,0,0,0
KARPAS-1106P,0,1,0,0,0,0,0,0,0,0,0,0,0
MEL-HO,0,0,0,0,0,0,0,0,0,1,0,0,0
MHH-CALL-2,0,1,0,0,0,0,0,0,0,0,0,0,0
MKN7,0,0,0,0,1,0,0,0,0,0,0,0,0
MM1S,0,1,0,0,0,0,0,0,0,0,0,0,0
MOLM-16,0,1,0,0,0,0,0,0,0,0,0,0,0
MOLT-16,0,1,0,0,0,0,0,0,0,0,0,0,0
NCC010,0,0,0,0,0,1,0,0,0,0,0,0,0
NCI-H1650,0,0,0,0,0,0,1,0,0,0,0,0,0
NCI-H508,0,0,0,0,1,0,0,0,0,0,0,0,0
NCI-H929,0,1,0,0,0,0,0,0,0,0,0,0,0
NCI-N87,0,0,0,0,1,0,0,0,0,0,0,0,0
OCI-LY7,0,1,0,0,0,0,0,0,0,0,0,0,0
SK-GT-2,0,0,0,0,1,0,0,0,0,0,0,0,0
SK-MEL-31,0,0,0,0,0,0,0,0,0,1,0,0,0
SUP-B8,0,1,0,0,0,0,0,0,0,0,0,0,0
U-266,0,1,0,0,0,0,0,0,0,0,0,0,0
VMRC-LCD,0,0,0,0,0,0,1,0,0,0,0,0,0
ZR-75-30,0,0,0,1,0,0,0,0,0,0,0,0,0
COR-L32,0,0,0,0,0,0,1,0,0,0,0,0,0
NCCIT,0,0,0,0,0,0,0,0,0,0,0,0,1
